Workbook

Sheet Monthly Data
A1: category | B1: month | C1: order_count | D1: total_revenue | E1: avg_revenue
A2: Bakery | B2: 2026-01 | C2: 6 | D2: 735 | E2: 122.5
A3: Bakery | B3: 2026-02 | C3: 8 | D3: 2440 | E3: 305
A4: Bakery | B4: 2026-03 | C4: 11 | D4: 3090 | E4: 280.90909
A5: Bakery | B5: 2026-04 | C5: 13 | D5: 3115 | E5: 239.61538
A6: Bakery | B6: 2026-05 | C6: 15 | D6: 3695 | E6: 246.33333
A7: Bakery | B7: 2026-06 | C7: 14 | D7: 2335 | E7: 166.78571
A8: Dairy & Eggs | B8: 2026-01 | C8: 9 | D8: 2035 | E8: 226.11111
A9: Dairy & Eggs | B9: 2026-02 | C9: 8 | D9: 1935 | E9: 241.875
A10: Dairy & Eggs | B10: 2026-03 | C10: 15 | D10: 3163 | E10: 210.86667
A11: Dairy & Eggs | B11: 2026-04 | C11: 9 | D11: 1650 | E11: 183.33333
A12: Dairy & Eggs | B12: 2026-05 | C12: 14 | D12: 3479 | E12: 248.5
A13: Dairy & Eggs | B13: 2026-06 | C13: 11 | D13: 1828 | E13: 166.18182
... A37: Snacks & Beverages | B37: 2026-06 | C37: 15 | D37: 1960 | E37: 130.66667

Sheet Category Targets
A1: category | B1: target_revenue_inr
A2: Fruits & Vegetables | B2: 12000
A3: Dairy & Eggs | B3: 16500
A4: Snacks & Beverages | B4: 13000
A5: Personal Care | B5: 15500
A6: Household Essentials | B6: 17000
A7: Bakery | B7: 12000

Sheet Pivot Output
A1: category | B1: sum_total_revenue | C1: sum_order_count
A2: Fruits & Vegetables | B2: =SUMIF('Monthly Data'!A2:A37,A2,'Monthly Data'!D2:D37) | C2: =SUMIF('Monthly Data'!A2:A37,A2,'Monthly Data'!C2:C37)
A3: Dairy & Eggs | B3: =SUMIF('Monthly Data'!A2:A37,A3,'Monthly Data'!D2:D37) | C3: =SUMIF('Monthly Data'!A2:A37,A3,'Monthly Data'!C2:C37)
A4: Snacks & Beverages | B4: =SUMIF('Monthly Data'!A2:A37,A4,'Monthly Data'!D2:D37) | C4: =SUMIF('Monthly Data'!A2:A37,A4,'Monthly Data'!C2:C37)
A5: Personal Care | B5: =SUMIF('Monthly Data'!A2:A37,A5,'Monthly Data'!D2:D37) | C5: =SUMIF('Monthly Data'!A2:A37,A5,'Monthly Data'!C2:C37)
A6: Household Essentials | B6: =SUMIF('Monthly Data'!A2:A37,A6,'Monthly Data'!D2:D37) | C6: =SUMIF('Monthly Data'!A2:A37,A6,'Monthly Data'!C2:C37)
A7: Bakery | B7: =SUMIF('Monthly Data'!A2:A37,A7,'Monthly Data'!D2:D37) | C7: =SUMIF('Monthly Data'!A2:A37,A7,'Monthly Data'!C2:C37)

Sheet Category Summary
A1: category | B1: total_revenue | C1: target_revenue_inr | D1: variance | E1: percentage_variance | F1: status_tag | G1: Matches Part 1 SQL total?
A2: Fruits & Vegetables | B2: ='Pivot Output'!B2 | C2: =_xlfn.XLOOKUP(A2,'Category Targets'!A:A,'Category Targets'!B:B,"Not Found") | D2: =C2-B2 | E2: =((B2-C2)/C2)*100 | F2: =IF(B2>=C2,"Above Target",IF(((C2-B2)/C2)*100<=15,"Below Target - Watch","Below Target - Critical")) | G2: =IF(B2=9790,"Yes","No - MISMATCH")
A3: Dairy & Eggs | B3: ='Pivot Output'!B3 | C3: =_xlfn.XLOOKUP(A3,'Category Targets'!A:A,'Category Targets'!B:B,"Not Found") | D3: =C3-B3 | E3: =((B3-C3)/C3)*100 | F3: =IF(B3>=C3,"Above Target",IF(((C3-B3)/C3)*100<=15,"Below Target - Watch","Below Target - Critical")) | G3: =IF(B3=14090,"Yes","No - MISMATCH")
A4: Snacks & Beverages | B4: ='Pivot Output'!B4 | C4: =_xlfn.XLOOKUP(A4,'Category Targets'!A:A,'Category Targets'!B:B,"Not Found") | D4: =C4-B4 | E4: =((B4-C4)/C4)*100 | F4: =IF(B4>=C4,"Above Target",IF(((C4-B4)/C4)*100<=15,"Below Target - Watch","Below Target - Critical")) | G4: =IF(B4=10895,"Yes","No - MISMATCH")
A5: Personal Care | B5: ='Pivot Output'!B5 | C5: =_xlfn.XLOOKUP(A5,'Category Targets'!A:A,'Category Targets'!B:B,"Not Found") | D5: =C5-B5 | E5: =((B5-C5)/C5)*100 | F5: =IF(B5>=C5,"Above Target",IF(((C5-B5)/C5)*100<=15,"Below Target - Watch","Below Target - Critical")) | G5: =IF(B5=16382,"Yes","No - MISMATCH")
A6: Household Essentials | B6: ='Pivot Output'!B6 | C6: =_xlfn.XLOOKUP(A6,'Category Targets'!A:A,'Category Targets'!B:B,"Not Found") | D6: =C6-B6 | E6: =((B6-C6)/C6)*100 | F6: =IF(B6>=C6,"Above Target",IF(((C6-B6)/C6)*100<=15,"Below Target - Watch","Below Target - Critical")) | G6: =IF(B6=21715,"Yes","No - MISMATCH")
A7: Bakery | B7: ='Pivot Output'!B7 | C7: =_xlfn.XLOOKUP(A7,'Category Targets'!A:A,'Category Targets'!B:B,"Not Found") | D7: =C7-B7 | E7: =((B7-C7)/C7)*100 | F7: =IF(B7>=C7,"Above Target",IF(((C7-B7)/C7)*100<=15,"Below Target - Watch","Below Target - Critical")) | G7: =IF(B7=15410,"Yes","No - MISMATCH")
